0,0,0,0,0,NaN,NaN
5.029503,0,2,0,1,0.00,0.00
10.03162,1,2,0,1,0.00,50.00
15.03752,3,6,0,2,0.00,50.00
20.06071,5,6,0,2,0.00,83.33
25.06162,6,6,0,2,0.00,100.00
30.08103,6,12,0,3,0.00,50.00
33.19402,12,12,0,3,0.00,100.00
