0,0,0,0,0,NaN,NaN
5.006997,1,2,0,1,0.00,50.00
10.00912,1,2,0,1,0.00,50.00
15.01291,3,4,0,2,0.00,75.00
20.01942,4,9,0,3,0.00,44.44
25.02631,5,9,0,3,0.00,55.56
30.03053,5,9,0,3,0.00,55.56
35.03491,5,9,0,3,0.00,55.56
36.6325,9,9,0,3,0.00,100.00
