0,0,0,0,0,NaN,NaN
5.006162,1,2,0,1,0.00,50.00
10.00724,2,2,0,1,0.00,100.00
15.01006,4,11,0,3,0.00,36.36
20.01099,5,11,0,3,0.00,45.45
25.01591,5,11,0,3,0.00,45.45
30.0167,11,11,0,3,0.00,100.00
30.07416,11,11,0,3,0.00,100.00
