0,0,0,0,0,NaN,NaN
5.216406,0,2,0,1,0.00,0.00
10.23167,1,2,0,1,0.00,50.00
15.24831,3,6,0,2,0.00,50.00
20.25978,5,6,0,2,0.00,83.33
25.26719,6,14,0,3,0.00,42.86
30.27943,6,14,0,3,0.00,42.86
32.32082,14,14,0,3,0.00,100.00
