0,0,0,0,0,NaN,NaN
5.001163,0,2,0,1,0.00,0.00
10.01391,1,2,0,1,0.00,50.00
15.01813,3,6,0,2,0.00,50.00
20.02787,5,6,0,2,0.00,83.33
25.15594,6,6,0,2,0.00,100.00
28.74758,6,6,0,2,0.00,100.00
