0,0,0,0,0,NaN,NaN
5.057481,0,2,0,1,0.00,0.00
10.10513,1,2,0,1,0.00,50.00
15.20691,2,6,0,2,0.00,33.33
20.26484,3,6,0,2,0.00,50.00
25.26529,5,6,0,2,0.00,83.33
30.32984,6,14,0,3,0.00,42.86
35.34715,13,14,0,3,0.00,92.86
36.90051,14,14,0,3,0.00,100.00
